,5yr c_index,10yr c_index,15yr c_index
Event_1,0.8935335149575959,0.5546590660576631,0.47023533989444205
Event_2,0.721019820627902,0.7112552654604751,0.7095430411297867
Event_3,0.5850920922916253,0.5667572264350094,0.5559148388296015
