,5yr c_index,10yr c_index,15yr c_index
Event_1,0.8280042309915938,0.5519372095243918,0.48022393399382163
Event_2,0.7086825345995591,0.6989212513764133,0.695910176689073
Event_3,0.5982988760032273,0.5641979693775465,0.5545585062316479
