,5yr B_score,10yr B_score,15yr B_score
Event_1,0.7894611354475248,0.9026033715211439,0.6921885971042475
Event_2,0.2610650995833357,0.22392511096247367,0.17453775745534242
Event_3,0.6479214506905613,0.6640075423270501,0.5695769573351404
