,5yr B_score,10yr B_score,15yr B_score
Event_1,0.7862679645065316,0.8753878970176067,0.6622337624245068
Event_2,0.2634593592058389,0.2335504810745123,0.18113331911503783
Event_3,0.6344483756820198,0.6503873389708765,0.5448963343009735
