,5yr c_index,10yr c_index,15yr c_index
Event_1,0.8391286174743308,0.5713546898444767,0.5311822538676532
Event_2,0.7108377082222389,0.7018383719380369,0.7000649161715498
Event_3,0.580264429412928,0.5767593648392947,0.5771459691486754
