,12yr c_index,24yr c_index,36yr c_index
Event_1,0.766435781416418,0.7356206156150702,0.7224891009992456
Event_2,0.7574372777537653,0.733332824622766,0.7139871977561499
