,12yr c_index,24yr c_index,36yr c_index
Event_1,0.7657807861702575,0.7340201297069034,0.7213383332107197
Event_2,0.7578718170200869,0.7308472289104986,0.7125093268930518
