,12yr B_score,24yr B_score,36yr B_score
Event_1,0.5509742888536707,0.6391338778310279,0.6680056142494534
Event_2,0.5473057186084317,0.631456126886259,0.6632810035463488
