,12yr c_index,24yr c_index,36yr c_index
Event_1,0.7656602716909338,0.7346068524317383,0.7219383620488445
Event_2,0.7559133186756531,0.7323787604049661,0.7132875742229886
