,12yr c_index,24yr c_index,36yr c_index
Event_1,0.0005763952428861528,0.0005870311118120184,0.001053675051248014
Event_2,0.0012049020731531776,0.001329305619312538,0.0013794603485001076
