,144yr B_score,288yr B_score,432yr B_score
Event_1,0.014968475282615384,0.03731713215389565,0.05931575701156486
