,144yr c_index,288yr c_index,432yr c_index
Event_1,-1.0,0.28756476683937815,0.6321418766729815
