,144yr B_score,288yr B_score,432yr B_score
Event_1,0.013532454640483386,0.035813138532257684,0.05616234388662085
