,144yr c_index,288yr c_index,432yr c_index
Event_1,-1.0,0.5134715025906735,0.669201328914286
