,144yr B_score,288yr B_score,432yr B_score
Event_1,0.01633750903810524,0.03801767331837061,0.05898802251556848
