,144yr c_index,288yr c_index,432yr c_index
Event_1,-1.0,0.5984455958549222,0.6198546536662219
