,144yr B_score,288yr B_score,432yr B_score
Event_1,0.0016180008687808661,0.002267673772679698,0.0019798310197391704
