,5yr c_index,10yr c_index,15yr c_index
Event_1,0.6944202198869018,0.5164658319462451,0.4383874408442595
Event_2,0.7344699114334249,0.7243843417433748,0.7198491741524484
Event_3,0.6859398104805511,0.6564127812810683,0.6393417603659635
