,5yr c_index,10yr c_index,15yr c_index
Event_1,0.07819826798157016,0.05453693263579562,0.05132643240330347
Event_2,0.01697732297799627,0.014577285983056857,0.01708228860504156
Event_3,0.0279615938253946,0.03473504557950122,0.04546723040827758
