,5yr c_index,10yr c_index,15yr c_index
Event_1,0.825338823982084,0.5645212528523315,0.5088674202447435
Event_2,0.7138895022889834,0.7050261994564846,0.7025563935247102
Event_3,0.6090142721728001,0.6070009395203589,0.5975844839486855
