,5yr B_score,10yr B_score,15yr B_score
Event_1,0.8095967199008015,0.9868776153150101,0.7476381799950143
Event_2,0.29395003457281843,0.24784009471802088,0.1852931123668183
Event_3,0.714703779506067,0.7492004667705807,0.6724355578176994
