,5yr B_score,10yr B_score,15yr B_score
Event_1,0.7956552266800014,0.9317965001000633,0.7387130170975381
Event_2,0.3036777084249633,0.27385139112041595,0.22957539001824434
Event_3,0.5610777162114194,0.5484761996223048,0.4726832029463842
