,5yr c_index,10yr c_index,15yr c_index
Event_1,0.8239831192908889,0.5607018926842332,0.47270635881540024
Event_2,0.7173330410714143,0.7060950640729444,0.7053932686159439
Event_3,0.6317814592066421,0.6345856089948403,0.6058507478612782
