,5yr c_index,10yr c_index,15yr c_index
Event_1,0.6210572140332228,0.4182935166162047,0.35646867043772884
Event_2,0.7575669219357621,0.7449115012828015,0.749925975105226
Event_3,0.6661285349821505,0.5770692792605351,0.6000019966368338
