,5yr B_score,10yr B_score,15yr B_score
Event_1,0.7995122004977304,0.9179821046022285,0.6886240814236904
Event_2,0.33028584685047296,0.29793341587201677,0.21038452435755609
Event_3,0.7038945535133297,0.7254875059934439,0.6457558979357215
