,5yr B_score,10yr B_score,15yr B_score
Event_1,0.7984483587107599,0.9281703466449382,0.7408077761311719
Event_2,0.2594067138923571,0.22461229137538402,0.17126666911226904
Event_3,0.6484957767228468,0.6708253576232259,0.5660165446432687
