,5yr c_index,10yr c_index,15yr c_index
Event_1,0.8655459998463614,0.5520689862111942,0.4590953086184052
Event_2,0.6995297692447549,0.6905249530230585,0.6845762420672414
Event_3,0.6210417024560203,0.5911985166706925,0.579213501996102
