,5yr c_index,10yr c_index,15yr c_index
Event_1,0.6673518739895412,0.529830587718301,0.49162749841272085
Event_2,0.7129342183686553,0.7046626928403719,0.7014944476750853
Event_3,0.6036074062446939,0.4973661414857039,0.4819928047115203
