,5yr c_index,10yr c_index,15yr c_index
Event_1,0.8744611486901401,0.551772717790324,0.4489792691758869
Event_2,0.6990911565342438,0.6863249736201242,0.6838722364017011
Event_3,0.6014887496108688,0.5889085974570322,0.5785254164723407
