,5yr B_score,10yr B_score,15yr B_score
Event_1,0.7726877287674679,0.8679831427610123,0.6616547098972232
Event_2,0.28538685395774116,0.24455197868477893,0.18176842100842283
Event_3,0.6812896385421876,0.6927661266445011,0.6015169024528498
