,5yr c_index,10yr c_index,15yr c_index
Event_1,0.08221271003053422,0.013215098904449288,0.029152054979852314
Event_2,0.00837493715311767,0.009195277975494558,0.010076418171608693
Event_3,0.014527576135354095,0.03455568366046184,0.0373097728722202
