,12yr B_score,24yr B_score,36yr B_score
Event_1,0.044529637014895054,0.09487753814198552,0.13381637731336726
Event_2,0.04423409553036129,0.09131867111620079,0.12825311420787572
