,12yr c_index,24yr c_index,36yr c_index
Event_1,0.7648922556450582,0.7340743074721091,0.7194103075297564
Event_2,0.7551956090417692,0.7294317487920133,0.7099417991761154
