,12yr B_score,24yr B_score,36yr B_score
Event_1,0.590529057795337,0.7239939772578234,0.7892437236386828
Event_2,0.5854504047666981,0.7134811352394301,0.7810753780146812
