,12yr B_score,24yr B_score,36yr B_score
Event_1,0.46916455611401153,0.4665134133740923,0.43058078660642984
Event_2,0.46452917680167893,0.4653887520885612,0.4352157038141394
