,12yr B_score,24yr B_score,36yr B_score
Event_1,0.5405530646222056,0.6107839473129717,0.6127667653172432
Event_2,0.5395920400492148,0.6028674825153162,0.6117048368458783
