,12yr c_index,24yr c_index,36yr c_index
Event_1,0.7664501211605033,0.7342841510008941,0.7208504270765507
Event_2,0.7548379310922327,0.7314897104072099,0.7128742335697614
