,12yr B_score,24yr B_score,36yr B_score
Event_1,0.5683391326409571,0.6819385162883455,0.7347421855900593
Event_2,0.5686424352220556,0.6770748893555576,0.7269177140519083
