,12yr B_score,24yr B_score,36yr B_score
Event_1,0.5862856330958424,0.7124395349219067,0.7726946100948519
Event_2,0.5783145362025113,0.6984683752324297,0.7614913850051371
