,12yr c_index,24yr c_index,36yr c_index
Event_1,0.7658438432166342,0.7345212112453431,0.7212053061730234
Event_2,0.7562511907167014,0.7314960546274907,0.7125200263236134
