,5yr c_index,10yr c_index,15yr c_index
Event_1,0.5225441769065047,0.4967130532583868,0.4889234852910841
Event_2,0.7402613508902056,0.7338214334669777,0.7258135487961325
Event_3,0.5859351061691445,0.46718167321036047,0.4970329681280249
