,5yr c_index,10yr c_index,15yr c_index
Event_1,0.8909301000677641,0.8703928502636658,0.8427229832813297
Event_2,0.7837926973028242,0.7644790100747325,0.7469421821324923
Event_3,0.7562948604960098,0.7020414439970963,0.6828555949863696
