,5yr c_index,10yr c_index,15yr c_index
Event_1,0.9841694418402982,0.9659847170873263,0.912669907019215
Event_2,0.7888688153278275,0.7688630579721552,0.7460775856637265
Event_3,0.778471582065053,0.744306640896394,0.7273642792442473
