,5yr B_score,10yr B_score,15yr B_score
Event_1,0.8459852574140054,0.9315226526777188,0.6696264860440555
Event_2,0.2978713934917662,0.2643158167573679,0.17993508218928625
Event_3,0.6876582469334607,0.6757623281979515,0.500045127013183
