,5yr c_index,10yr c_index,15yr c_index
Event_1,0.1843071495989136,0.18696892063166157,0.17759762104124846
Event_2,0.022293016822695952,0.01567239161095416,0.012006643562695738
Event_3,0.09034717909660733,0.12115434366901591,0.09490804130250742
