,5yr B_score,10yr B_score,15yr B_score
Event_1,0.8551595187633847,0.9396388202384554,0.6721420741807619
Event_2,0.29043418223013373,0.2574370401370041,0.1676310730629855
Event_3,0.678242251791532,0.6612389546234761,0.46514906359739416
