,5yr c_index,10yr c_index,15yr c_index
Event_1,0.9889030079460787,0.9747483966766365,0.9539013771991807
Event_2,0.7930614824895702,0.770389746003401,0.7497543721486489
Event_3,0.8104050358055077,0.7840957903489966,0.7374743385231605
