,5yr B_score,10yr B_score,15yr B_score
Event_1,0.8243729806618224,0.8976839338972818,0.6521084115433361
Event_2,0.30137052128892927,0.2677276621478383,0.19946994174948715
Event_3,0.6984001061819828,0.7041648867181246,0.5860427792251144
