,5yr c_index,10yr c_index,15yr c_index
Event_1,0.9881748164165356,0.9611922384300216,0.9426449276576091
Event_2,0.803500275577809,0.771002951718384,0.7501387119537908
Event_3,0.8477500276840255,0.7997611127647338,0.7560810623856297
