,5yr B_score,10yr B_score,15yr B_score
Event_1,0.8513668817812403,0.9643800285221278,0.7185988744600167
Event_2,0.3144637391690714,0.2779887805863613,0.18230325639710224
Event_3,0.6848653951776077,0.661039488916192,0.4611720040824506
