,5yr c_index,10yr c_index,15yr c_index
Event_1,0.9708590572294028,0.953325845865957,0.9154752192395598
Event_2,0.7932715622287088,0.7783178612127446,0.7629266921001627
Event_3,0.7589125507563184,0.7148620027649968,0.6963253266507858
