,5yr B_score,10yr B_score,15yr B_score
Event_1,0.8466527096762128,0.9113419976160018,0.6321593300086481
Event_2,0.3027689807426858,0.27100100311528086,0.17865528449180398
Event_3,0.6828051481183833,0.6753086073492018,0.4780668158358146
