,5yr c_index,10yr c_index,15yr c_index
Event_1,0.7161632605164863,0.46643301665281695,0.4187131480822221
Event_2,0.7279200051214612,0.7151686240468452,0.7126374878409305
Event_3,0.7092213579482276,0.6969553991772517,0.6624976779791212
