,5yr B_score,10yr B_score,15yr B_score
Event_1,0.8021007485197453,0.9510517084638351,0.7304527593431798
Event_2,0.21543623244141713,0.18711981395265856,0.14408861529530995
Event_3,0.6311845020988895,0.6622859123563827,0.566522532255623
