,5yr B_score,10yr B_score,15yr B_score
Event_1,0.8003229600072036,0.9317456562383276,0.7293476549846171
Event_2,0.23870098492344827,0.211576720208882,0.17200455899254022
Event_3,0.6252629762940051,0.6485063662889511,0.5530057553046696
