,5yr B_score,10yr B_score,15yr B_score
Event_1,0.8070400551102682,0.9342049183747725,0.7184149582237009
Event_2,0.25130863599387526,0.2266768031882286,0.1922535599857509
Event_3,0.6395299472633644,0.6861636495642404,0.5867436336424792
