,5yr c_index,10yr c_index,15yr c_index
Event_1,0.8367340203467117,0.587102105930881,0.45469575418372715
Event_2,0.6656480833975171,0.6425434711872654,0.6344984684306774
Event_3,0.6825837348115603,0.6604377354446289,0.6477654486287099
