,5yr c_index,10yr c_index,15yr c_index
Event_1,0.7973287662447736,0.5233036634821501,0.45157220066608006
Event_2,0.6964880378805551,0.6771114244090887,0.6699549747480603
Event_3,0.685247751647028,0.6692825529831294,0.6532639815685598
