,5yr c_index,10yr c_index,15yr c_index
Event_1,0.8390890178711226,0.5163758678627522,0.4813076997322909
Event_2,0.6958960251226869,0.6736221779931554,0.6627289679725732
Event_3,0.6639381621812956,0.6504545243275075,0.6495288180978483
