,5yr c_index,10yr c_index,15yr c_index
Event_1,0.05740073166450911,0.04950591238029021,0.02564939133782692
Event_2,0.0254258519113567,0.02975157516706929,0.03230673788379672
Event_3,0.018582513177560458,0.019987595126559822,0.006568776142883997
