,144yr c_index,288yr c_index,432yr c_index
Event_1,-1.0,0.5077720207253885,0.7311234304051373
