,144yr c_index,288yr c_index,432yr c_index
Event_1,-1.0,0.6709844559585493,0.6840308068798585
