,144yr B_score,288yr B_score,432yr B_score
Event_1,0.01269084210338519,0.0329807370600353,0.05547737288598841
