,144yr B_score,288yr B_score,432yr B_score
Event_1,0.0138656035515555,0.035298714311043346,0.056845252359382634
