,144yr B_score,288yr B_score,432yr B_score
Event_1,0.011798736693188297,0.03236489049065749,0.05428276549717057
