,144yr c_index,288yr c_index,432yr c_index
Event_1,-1.0,0.5025906735751295,0.6788558769472307
