,144yr c_index,288yr c_index,432yr c_index
Event_1,0.0,0.12900826081779077,0.03988976742463799
